{"schemaVersion":"1.0","appDefinitionTemplate":{"id":"/providers/Microsoft.PowerApps/apps/","type":"Microsoft.PowerApps/apps","tags":{"primaryDeviceWidth":"640","primaryDeviceHeight":"640","supportsPortrait":"true","supportsLandscape":"true","primaryFormFactor":"Phone","showStatusBar":"false","publisherVersion":"3.23081.12","minimumRequiredApiVersion":"2.2.0","hasComponent":"true","hasUnlockedComponent":"true","isUnifiedRootApp":"false","sienaVersion":"20230818T153649Z-3.23081.12.0"},"properties":{"appVersion":"2023-08-18T15:36:49Z","lifeCycleId":"Published","createdByClientVersion":{"major":3,"minor":23081,"build":12,"revision":0,"majorRevision":0,"minorRevision":0},"minClientVersion":{"major":3,"minor":23081,"build":12,"revision":0,"majorRevision":0,"minorRevision":0},"backgroundColor":"RGBA(251,101,60,1)","backgroundImageUri":"/12989865356266994327/N5505558e-401d-4208-b61c-504c4dee7b4b-logoSmallFile","displayName":"Componentes_PlanAPP","description":"","commitMessage":"","appUris":{"documentUri":{"value":"/12989865356266994327/N2235a6ad-8a66-4563-9af0-cf12e4e50049-document.msapp"},"imageUris":[],"additionalUris":[]},"createdTime":"0001-01-01T00:00:00Z","lastModifiedTime":"0001-01-01T00:00:00Z","sharedGroupsCount":0,"sharedUsersCount":0,"connectionReferences":{},"databaseReferences":{},"almMode":"Solution","performanceOptimizationEnabled":true,"canConsumeAppPass":true,"enableModernRuntimeMode":false,"executionRestrictions":{"isTeamsOnly":false,"dataLossPreventionEvaluationResult":{"status":"Compliant","lastEvaluationDate":"2023-08-10T11:20:10.9860768Z","violations":[],"violationsByPolicy":[],"violationErrorMessage":"A aplicação utiliza os seguintes conectores: ."}}},"appType":"AppComponentLibrary","appComponents":[{"displayName":"Gantt_Chart","appVersion":"2023-08-18T15:36:49Z","appComponentLibraryLogicalName":"cr546_componentesplanapp_904f4","componentType":"Canvas","allowCustomization":true,"createdOn":"2023-08-10T11:19:51.389Z","lastModifiedOn":"2023-08-18T15:19:42.579Z","connectionReferences":{},"databaseReferences":{}}]}}